date,close,dividend
1985-10-04,110.074996948,0
1985-10-11,111.050003052,0
1985-10-18,114.319999695,0
1985-10-25,113.910003662,0
1985-11-01,116.275001526,0
1985-11-08,119.260002136,0
1985-11-15,122.175003052,0
1985-11-22,123.970001221,0
1985-11-29,126.059997559,0
1985-12-06,126.955001831,0
1985-12-13,132.125,0
1985-12-20,132.259994507,0
1985-12-27,131.48500061,0
1986-01-03,130.550003052,0
1986-01-10,129.565002441,0
1986-01-17,132.770004272,0
1986-01-24,130.199996948,0
1986-01-31,132.925003052,0
1986-02-07,137.419998169,0
1986-02-14,140.160003662,0
1986-02-21,141.145004272,0
1986-02-28,140.425003052,0
1986-03-07,140.710006714,0
1986-03-14,147,0
1986-03-21,148.005004883,0
1986-03-27,148.375,0
1986-04-04,147.035003662,0
1986-04-11,152.664993286,0
1986-04-18,157.660003662,0
1986-04-25,160.460006714,0
1986-05-02,155.009994507,0
1986-05-09,157.914993286,0
1986-05-16,154.994995117,0
1986-05-23,160.164993286,0
1986-05-30,163.160003662,0
1986-06-06,161.884994507,0
1986-06-13,162.354995728,0
1986-06-20,159.585006714,0
1986-06-27,161.615005493,0
1986-07-03,164.51499939,0
1986-07-11,152.854995728,0
1986-07-18,147.759994507,0
1986-07-25,148.259994507,0
1986-08-01,144.190002441,0
1986-08-08,142.294998169,0
1986-08-15,149.574996948,0
1986-08-22,150.945007324,0
1986-08-29,151.699996948,0
1986-09-05,149.669998169,0
1986-09-12,135.035003662,0
1986-09-19,138.455001831,0
1986-09-26,137.585006714,0
1986-10-03,138.554992676,0
1986-10-10,139.869995117,0
1986-10-17,141.195007324,0
1986-10-24,141.964996338,0
1986-10-31,144.479995728,0
1986-11-07,144.910003662,0
1986-11-14,143.505004883,0
1986-11-21,142.899993896,0
1986-11-28,147.940002441,0
1986-12-05,149.044998169,0
1986-12-12,144.979995728,0
1986-12-19,143.770004272,0
1986-12-26,142.934997559,0
1987-01-02,142.86000061,0
1987-01-09,156.990005493,0
1987-01-16,162.51499939,0
1987-01-23,166.76499939,0
1987-01-30,166.675003052,0
1987-02-06,174.630004883,0
1987-02-13,179.065002441,0
1987-02-20,178.684997559,0
1987-02-27,182.75,0
1987-03-06,184.285003662,0
1987-03-13,183.164993286,0
1987-03-20,189.824996948,0
1987-03-27,189.050003052,0
1987-04-03,191.36000061,0
1987-04-10,188.285003662,0
1987-04-16,183.744995117,0
1987-04-24,180.375,0
1987-05-01,185.830001831,0
1987-05-08,190.36000061,0
1987-05-15,187.910003662,0
1987-05-22,181.63999939,0
1987-05-29,188.770004272,0
1987-06-05,185.684997559,0
1987-06-12,190.36000061,0
1987-06-19,192.050003052,0
1987-06-26,191.059997559,0
1987-07-02,190.384994507,0
1987-07-10,188.73500061,0
1987-07-17,195.865005493,0
1987-07-24,193.024993896,0
1987-07-31,196.350006104,0
1987-08-07,203.729995728,0
1987-08-14,206.464996338,0
1987-08-21,210.574996948,0
1987-08-28,208.845001221,0
1987-09-04,204.059997559,0
1987-09-11,206.365005493,0
1987-09-18,201.675003052,0
1987-09-25,205.115005493,0
1987-10-02,212.145004272,0
1987-10-09,202.464996338,0
1987-10-16,183.285003662,0
1987-10-23,145.419998169,0
1987-10-30,150.070007324,0
1987-11-06,150.679992676,0
1987-11-13,147.949996948,0
1987-11-20,140.835006714,0
1987-11-27,143.354995728,0
1987-12-04,130.434997559,0
1987-12-11,139.820007324,0
1987-12-18,154.744995117,0
1987-12-24,158.184997559,0
1987-12-31,156.25,0
1988-01-08,158.195007324,0
1988-01-15,159.824996948,0
1988-01-22,154.354995728,0
1988-01-29,159.130004883,0
1988-02-05,158.01499939,0
1988-02-12,163.934997559,0
1988-02-19,167.074996948,0
1988-02-26,170.645004272,0
1988-03-04,177.38999939,0
1988-03-11,177.88999939,0
1988-03-18,181.035003662,0
1988-03-25,172.880004883,0
1988-03-31,173.259994507,0
1988-04-08,178.929992676,0
1988-04-15,173.134994507,0
1988-04-22,173.320007324,0
1988-04-29,175.919998169,0
1988-05-06,177.179992676,0
1988-05-13,173.845001221,0
1988-05-20,169.884994507,0
1988-05-27,169.585006714,0
1988-06-03,178.005004883,0
1988-06-10,184.285003662,0
1988-06-17,183.940002441,0
1988-06-24,187.350006104,0
1988-07-01,189.955001831,0
1988-07-08,188.145004272,0
1988-07-15,188.509994507,0
1988-07-22,181.86000061,0
1988-07-29,181.160003662,0
1988-08-05,179.895004272,0
1988-08-12,173.744995117,0
1988-08-19,172.815002441,0
1988-08-26,170.979995728,0
1988-09-02,171.464996338,0
1988-09-09,175.479995728,0
1988-09-16,176.645004272,0
1988-09-23,177.475006104,0
1988-09-30,179.365005493,0
1988-10-07,176,0
1988-10-14,175.369995117,0
1988-10-21,179.740005493,0
1988-10-28,174.884994507,0
1988-11-04,173.559997559,0
1988-11-11,169.240005493,0
1988-11-18,166.524993896,0
1988-11-25,165.720001221,0
1988-12-02,171.615005493,0
1988-12-09,171.794998169,0
1988-12-16,174.01499939,0
1988-12-23,175.61000061,0
1988-12-30,177.410003662,0
1989-01-06,177.520004272,0
1989-01-13,179.100006104,0
1989-01-20,180.320007324,0
1989-01-27,183.544998169,0
1989-02-03,189.975006104,0
1989-02-10,185.705001831,0
1989-02-17,188.509994507,0
1989-02-24,184.589996338,0
1989-03-03,185.815002441,0
1989-03-10,184.994995117,0
1989-03-17,182.009994507,0
1989-03-23,181.039993286,0
1989-03-31,185.869995117,0
1989-04-07,188.399993896,0
1989-04-14,194.630004883,0
1989-04-21,198.86000061,0
1989-04-28,200.470001221,0
1989-05-05,203.440002441,0
1989-05-12,207.154998779,0
1989-05-19,212.61000061,0
1989-05-26,214.434997559,0
1989-06-02,217.789993286,0
1989-06-09,218.794998169,0
1989-06-16,212.815002441,0
1989-06-23,214.259994507,0
1989-06-30,204.585006714,0
1989-07-07,209.580001831,0
1989-07-14,212.865005493,0
1989-07-21,210.865005493,0
1989-07-28,213.145004272,0
1989-08-04,215.13999939,0
1989-08-11,216.304992676,0
1989-08-18,216.720001221,0
1989-08-25,220.820007324,0
1989-09-01,223.51499939,0
1989-09-08,222.654998779,0
1989-09-15,221.960006714,0
1989-09-22,223.88999939,0
1989-09-29,226.38999939,0
1989-10-06,234.404998779,0
1989-10-13,224.664993286,0
1989-10-20,231.050003052,0
1989-10-27,218.839996338,0
1989-11-03,219.054992676,0
1989-11-10,222.529998779,0
1989-11-17,222.630004883,0
1989-11-24,224.835006714,0
1989-12-01,225.315002441,0
1989-12-08,224.024993896,0
1989-12-15,214.13999939,0
1989-12-22,217.625,0
1989-12-29,223.835006714,0
1990-01-05,223.13999939,0
1990-01-12,208.794998169,0
1990-01-19,213.910003662,0
1990-01-26,203.244995117,0
1990-02-02,205.615005493,0
1990-02-09,208.494995117,0
1990-02-16,208.354995728,0
1990-02-23,201.794998169,0
1990-03-02,211.539993286,0
1990-03-09,213.820007324,0
1990-03-16,217.960006714,0
1990-03-23,214.490005493,0
1990-03-30,213.145004272,0
1990-04-06,212.475006104,0
1990-04-12,216.044998169,0
1990-04-20,208.619995117,0
1990-04-27,203.669998169,0
1990-05-04,212.705001831,0
1990-05-11,220.88999939,0
1990-05-18,228.509994507,0
1990-05-25,232.199996948,0
1990-06-01,237.884994507,0
1990-06-08,234.729995728,0
1990-06-15,240.785003662,0
1990-06-22,235.740005493,0
1990-06-29,238.460006714,0
1990-07-06,238.464996338,0
1990-07-13,244.740005493,0
1990-07-20,232.440002441,0
1990-07-27,225.634994507,0
1990-08-03,212.604995728,0
1990-08-10,206.229995728,0
1990-08-17,196.845001221,0
1990-08-24,184.964996338,0
1990-08-31,193.615005493,0
1990-09-07,191.800003052,0
1990-09-14,189.520004272,0
1990-09-21,183.199996948,0
1990-09-28,177.054992676,0
1990-10-05,178.365005493,0
1990-10-12,166.714996338,0
1990-10-19,174.619995117,0
1990-10-26,174.210006714,0
1990-11-02,176.865005493,0
1990-11-09,182.240005493,0
1990-11-16,184.960006714,0
1990-11-23,184.279998779,0
1990-11-30,192.580001831,0
1990-12-07,199.345001221,0
1990-12-14,196.134994507,0
1990-12-21,202.755004883,0
1990-12-28,199.419998169,0
1991-01-04,196.824996948,0
1991-01-11,196.195007324,0
1991-01-18,211.494995117,0
1991-01-25,221.01499939,0
1991-02-01,234.449996948,0
1991-02-08,244.475006104,0
1991-02-15,248.335006714,0
1991-02-22,248.634994507,0
1991-03-01,252.38999939,0
1991-03-08,262.859985352,0
1991-03-15,254.630004883,0
1991-03-22,252.270004272,0
1991-03-28,264.904998779,0
1991-04-05,275.440002441,0
1991-04-12,279.204986572,0
1991-04-19,274.005004883,0
1991-04-26,271.299987793,0
1991-05-03,267.109985352,0
1991-05-10,268.709991455,0
1991-05-17,260.464996338,0
1991-05-24,269.505004883,0
1991-05-31,279,0
1991-06-07,270.570007324,0
1991-06-14,267.799987793,0
1991-06-21,260.279998779,0
1991-06-28,254.195007324,0
1991-07-05,251.975006104,0
1991-07-12,267.440002441,0
1991-07-19,266.924987793,0
1991-07-26,264.220001221,0
1991-08-02,275.470001221,0
1991-08-09,278.154998779,0
1991-08-16,279.510009766,0
1991-08-23,286.774993896,0
1991-08-30,287.404998779,0
1991-09-06,279.964996338,0
1991-09-13,279.494995117,0
1991-09-20,286.635009766,0
1991-09-27,285.940002441,0
1991-10-04,280.515014648,0
1991-10-11,281.5,0
1991-10-18,293.109985352,0
1991-10-25,282.940002441,0
1991-11-01,290.005004883,0
1991-11-08,295.549987793,0
1991-11-15,284.519989014,0
1991-11-22,286.320007324,0
1991-11-29,284.790008545,0
1991-12-06,296.140014648,0
1991-12-13,301.329986572,0
1991-12-20,295.820007324,0
1991-12-27,316.774993896,0
1992-01-03,334.825012207,0
1992-01-10,347.109985352,0
1992-01-17,349.730010986,0
1992-01-24,345.454986572,0
1992-01-31,338.315002441,0
1992-02-07,346.804992676,0
1992-02-14,346.695007324,0
1992-02-21,342.390014648,0
1992-02-28,345.880004883,0
1992-03-06,333,0
1992-03-13,336.470001221,0
1992-03-20,340.864990234,0
1992-03-27,324.220001221,0
1992-04-03,316.385009766,0
1992-04-10,312.984985352,0
1992-04-16,319.234985352,0
1992-04-24,303.815002441,0
1992-05-01,307.475006104,0
1992-05-08,311.265014648,0
1992-05-15,303.015014648,0
1992-05-22,308.380004883,0
1992-05-29,315.295013428,0
1992-06-05,313.244995117,0
1992-06-12,304.109985352,0
1992-06-19,296.864990234,0
1992-06-26,290.029998779,0
1992-07-02,300.875,0
1992-07-10,302.834991455,0
1992-07-17,305.540008545,0
1992-07-24,303.424987793,0
1992-07-31,310.894989014,0
1992-08-07,303.315002441,0
1992-08-14,302.230010986,0
1992-08-21,295.690002441,0
1992-08-28,299.135009766,0
1992-09-04,306.394989014,0
1992-09-11,315.190002441,0
1992-09-18,319.910003662,0
1992-09-25,310.225006104,0
1992-10-02,304.390014648,0
1992-10-09,305.630004883,0
1992-10-16,316.385009766,0
1992-10-23,325.440002441,0
1992-10-30,329.154998779,0
1992-11-06,338.144989014,0
1992-11-13,348.489990234,0
1992-11-20,348.804992676,0
1992-11-27,349.315002441,0
1992-12-04,358.399993896,0
1992-12-11,350.894989014,0
1992-12-18,357.894989014,0
1992-12-24,357.559997559,0
1992-12-31,360.184997559,0
1993-01-08,365.540008545,0
1993-01-15,379.234985352,0
1993-01-22,377.820007324,0
1993-01-29,370.559997559,0
1993-02-05,369,0
1993-02-12,361.190002441,0
1993-02-19,347.915008545,0
1993-02-26,351.140014648,0
1993-03-05,355.565002441,0
1993-03-12,362.649993896,0
1993-03-19,351.554992676,0
1993-03-26,352.644989014,0
1993-04-02,341.179992676,0
1993-04-08,341.559997559,0
1993-04-16,340.649993896,0
1993-04-23,333.660003662,0
1993-04-30,339.945007324,0
1993-05-07,353.230010986,0
1993-05-14,349.799987793,0
1993-05-21,366.670013428,0
1993-05-28,368.109985352,0
1993-06-04,368.625,0
1993-06-11,363.075012207,0
1993-06-18,357.959991455,0
1993-06-25,362.225006104,0
1993-07-02,364.214996338,0
1993-07-09,362.459991455,0
1993-07-16,351.070007324,0
1993-07-23,353.204986572,0
1993-07-30,352.864990234,0
1993-08-06,363.144989014,0
1993-08-13,360.454986572,0
1993-08-20,370.869995117,0
1993-08-27,366.5,0
1993-09-03,373.704986572,0
1993-09-10,370.635009766,0
1993-09-17,366.184997559,0
1993-09-24,378.040008545,0
1993-10-01,382.809997559,0
1993-10-08,381.315002441,0
1993-10-15,392.450012207,0
1993-10-22,388.190002441,0
1993-10-29,390.984985352,0
1993-11-05,383.635009766,0
1993-11-12,395.174987793,0
1993-11-19,380.565002441,0
1993-11-26,386.315002441,0
1993-12-03,401.774993896,0
1993-12-10,386.959991455,0
1993-12-17,389.035003662,0
1993-12-23,390.320007324,0
1993-12-31,398.279998779,0
1994-01-07,404.779998779,0
1994-01-14,411.75,0
1994-01-21,411.589996338,0
1994-01-28,412.519989014,0
1994-02-04,397.480010986,0
1994-02-11,401.829986572,0
1994-02-18,407.940002441,0
1994-02-25,406.450012207,0
1994-03-04,411.989990234,0
1994-03-11,409.429992676,0
1994-03-18,417.519989014,0
1994-03-25,399.859985352,0
1994-03-31,382.959991455,0
1994-04-08,384.899993896,0
1994-04-15,366.290008545,0
1994-04-22,369.079986572,0
1994-04-29,373.25,0
1994-05-06,374.570007324,0
1994-05-13,364.820007324,0
1994-05-20,370.369995117,0
1994-05-27,376.809997559,0
1994-06-03,382.779998779,0
1994-06-10,374.640014648,0
1994-06-17,371.940002441,0
1994-06-24,351.760009766,0
1994-07-01,360.029998779,0
1994-07-08,359.309997559,0
1994-07-15,367.239990234,0
1994-07-22,365.059997559,0
1994-07-29,370.160003662,0
1994-08-05,367.149993896,0
1994-08-12,376.959991455,0
1994-08-19,384.119995117,0
1994-08-26,399.260009766,0
1994-09-02,391.410003662,0
1994-09-09,394.839996338,0
1994-09-16,404.470001221,0
1994-09-23,390.200012207,0
1994-09-30,393.850006104,0
1994-10-07,387.359985352,0
1994-10-14,398.799987793,0
1994-10-21,400.519989014,0
1994-10-28,411.839996338,0
1994-11-04,401.459991455,0
1994-11-11,404.779998779,0
1994-11-18,412.429992676,0
1994-11-25,401.170013428,0
1994-12-02,402.040008545,0
1994-12-09,388.630004883,0
1994-12-16,392.010009766,0
1994-12-23,401.149993896,0
1994-12-30,404.269989014,0
1995-01-06,401.589996338,0
1995-01-13,410.480010986,0
1995-01-20,410.130004883,0
1995-01-27,407.220001221,0
1995-02-03,416.140014648,0
1995-02-10,430.769989014,0
1995-02-17,425.660003662,0
1995-02-24,428.420013428,0
1995-03-03,436.679992676,0
1995-03-10,441.760009766,0
1995-03-17,443.940002441,0
1995-03-24,455.429992676,0
1995-03-31,447.149993896,0
1995-04-07,444.010009766,0
1995-04-13,458.929992676,0
1995-04-21,451.339996338,0
1995-04-28,469.559997559,0
1995-05-05,470.299987793,0
1995-05-12,483.190002441,0
1995-05-19,489.869995117,0
1995-05-26,496.059997559,0
1995-06-02,492.649993896,0
1995-06-09,500.410003662,0
1995-06-16,517.570007324,0
1995-06-23,544.659973145,0
1995-06-30,538.030029297,0
1995-07-07,567.559997559,0
1995-07-14,589.849975586,0
1995-07-21,547.780029297,0
1995-07-28,574.179992676,0
1995-08-04,560.58001709,0
1995-08-11,575.640014648,0
1995-08-18,595.520019531,0
1995-08-25,580.099975586,0
1995-09-01,573.210021973,0
1995-09-08,604.270019531,0
1995-09-15,589.010009766,0
1995-09-22,592.640014648,0
1995-09-29,585.08001709,0
1995-10-06,567.41998291,0
1995-10-13,570,0
1995-10-20,591.880004883,0
1995-10-27,593.530029297,0
1995-11-03,621.710021973,0
1995-11-10,613.609985352,0
1995-11-17,588.809997559,0
1995-11-24,578.320007324,0
1995-12-01,587.020019531,0
1995-12-08,599.380004883,0
1995-12-15,563.280029297,0
1995-12-22,585.179992676,0
1995-12-29,576.229980469,0
1996-01-05,565.140014648,0
1996-01-12,552.710021973,0
1996-01-19,564.640014648,0
1996-01-26,577.049987793,0
1996-02-02,601.41998291,0
1996-02-09,623.010009766,0
1996-02-16,619.039978027,0
1996-02-23,642.590026855,0
1996-03-01,604.760009766,0
1996-03-08,591.710021973,0
1996-03-15,621.710021973,0
1996-03-22,612.880004883,0
1996-03-29,609.690002441,0
1996-04-04,618,0
1996-04-12,605.049987793,0
1996-04-19,633.010009766,0
1996-04-26,666.650024414,0
1996-05-03,661.070007324,0
1996-05-10,672.539978027,0
1996-05-17,690.809997559,0
1996-05-24,688.909973145,0
1996-05-31,692.390014648,0
1996-06-07,691.460021973,0
1996-06-14,681.130004883,0
1996-06-21,672.530029297,0
1996-06-28,677.299987793,0
1996-07-05,657.679992676,0
1996-07-12,635.059997559,0
1996-07-19,633.049987793,0
1996-07-26,633.390014648,0
1996-08-02,667.840026855,0
1996-08-09,678.309997559,0
1996-08-16,672.280029297,0
1996-08-23,677.570007324,0
1996-08-30,663.570007324,0
1996-09-06,664.219970703,0
1996-09-13,707.859985352,0
1996-09-20,743.41998291,0
1996-09-27,744.729980469,0
1996-10-04,759.119995117,0
1996-10-11,765.640014648,0
1996-10-18,756.83001709,0
1996-10-25,743.549987793,0
1996-11-01,755.510009766,0
1996-11-08,798.659973145,0
1996-11-15,799.440002441,0
1996-11-22,818.369995117,0
1996-11-29,834.010009766,0
1996-12-06,827.210021973,0
1996-12-13,828.450012207,0
1996-12-20,834.049987793,0
1996-12-27,835.460021973,0
1997-01-03,848.16998291,0
1997-01-10,865.58001709,0
1997-01-17,883.440002441,0
1997-01-24,898.369995117,0
1997-01-31,921.549987793,0
1997-02-07,899.840026855,0
1997-02-14,899.909973145,0
1997-02-21,864.280029297,0
1997-02-28,850.460021973,0
1997-03-07,841.030029297,0
1997-03-14,838.979980469,0
1997-03-21,812.729980469,0
1997-03-27,818.739990234,0
1997-04-04,822.400024414,0
1997-04-11,789.969970703,0
1997-04-18,816.429992676,0
1997-04-25,818.570007324,0
1997-05-02,909.489990234,0
1997-05-09,919.08001709,0
1997-05-16,915.289978027,0
1997-05-23,959.08001709,0
1997-05-30,958.849975586,0
1997-06-06,944.989990234,0
1997-06-13,964.400024414,0
1997-06-20,981.409973145,0
1997-06-27,963.010009766,0
1997-07-03,986.520019531,0
1997-07-11,1015.61999512,0
1997-07-18,1070.98999023,0
1997-07-25,1085.39001465,0
1997-08-01,1108.93994141,0
1997-08-08,1115.02001953,0
1997-08-15,1076.67004395,0
1997-08-22,1110.91003418,0
1997-08-29,1074.05004883,0
1997-09-05,1111.15002441,0
1997-09-12,1106.06994629,0
1997-09-19,1118.68005371,0
1997-09-26,1106.81994629,0
1997-10-03,1124.43994141,0
1997-10-10,1137.77001953,0
1997-10-17,1075.11999512,0
1997-10-24,1057.33996582,0
1997-10-31,1019.61999512,0
1997-11-07,1028.31994629,0
1997-11-14,1027.84997559,0
1997-11-21,1056.58996582,0
1997-11-28,1050.51000977,0
1997-12-05,1070.27001953,0
1997-12-12,978.489990234,0
1997-12-19,969.900024414,0
1997-12-26,954.070007324,0
1998-01-02,1008.22998047,0
1998-01-09,956.190002441,0
1998-01-16,1005.86999512,0
1998-01-23,1024.4699707,0
1998-01-30,1071.13000488,0
1998-02-06,1134.31994629,0
1998-02-13,1136.68994141,0
1998-02-20,1159.72998047,0
1998-02-27,1194.13000488,0
1998-03-06,1163.10998535,0
1998-03-13,1169.29003906,0
1998-03-20,1169.43005371,0
1998-03-27,1211.64001465,0
1998-04-03,1233.66003418,0
1998-04-09,1196.90002441,0
1998-04-17,1231.25,0
1998-04-24,1250.14001465,0
1998-05-01,1251.5300293,0
1998-05-08,1254.0300293,0
1998-05-15,1249.48999023,0
1998-05-22,1214.13000488,0
1998-05-29,1192.06994629,0
1998-06-05,1206.69995117,0
1998-06-12,1186.98999023,0
1998-06-19,1239.70996094,0
1998-06-26,1320.93994141,0
1998-07-02,1332.5300293,0
1998-07-10,1391.10998535,0
1998-07-17,1463.9699707,0
1998-07-24,1408.59997559,0
1998-07-31,1377.26000977,0
1998-08-07,1364.06994629,0
1998-08-14,1330.04003906,0
1998-08-21,1374.77001953,0
1998-08-28,1265.04003906,0
1998-09-04,1205.41003418,0
1998-09-11,1290.19995117,0
1998-09-18,1300.69995117,0
1998-09-25,1390.08996582,0
1998-10-02,1276.43994141,0
1998-10-09,1197.86999512,0
1998-10-16,1293.91003418,0
1998-10-23,1340.59997559,0
1998-10-30,1400.52001953,0
1998-11-06,1458.33996582,0
1998-11-13,1465.2199707,0
1998-11-20,1544.2199707,0
1998-11-27,1628.34997559,0
1998-12-04,1630.01000977,0
1998-12-11,1675.01000977,0
1998-12-18,1735,0
1998-12-24,1806.04003906,0
1998-12-31,1836.01000977,0
1999-01-08,1973.66003418,0
1999-01-15,1981.61999512,0
1999-01-22,1964.20996094,0
1999-01-29,2127.18994141,0
1999-02-05,1988.55004883,0
1999-02-12,1958.59997559,0
1999-02-19,1931.58996582,0
1999-02-26,1925.2800293,0
1999-03-05,1969.86999512,0
1999-03-12,2008.95996094,0
1999-03-19,2053.68994141,0
1999-03-26,2067.30004883,0
1999-04-01,2146.12988281,0
1999-04-09,2232.4699707,0
1999-04-16,2086.45996094,0
1999-04-23,2210.43994141,0
1999-04-30,2136.38989258,0
1999-05-07,2117.72998047,0
1999-05-14,2125.14990234,0
1999-05-21,2114.39990234,0
1999-05-28,2089.69995117,0
1999-06-04,2109.40991211,0
1999-06-11,2062.29003906,0
1999-06-18,2205.45996094,0
1999-06-25,2185.76000977,0
1999-07-02,2347.87988281,0
1999-07-09,2393.02001953,0
1999-07-16,2459.47998047,0
1999-07-23,2302.02001953,0
1999-07-30,2270.92993164,0
1999-08-06,2212.14990234,0
1999-08-13,2307.06005859,0
1999-08-20,2315.07006836,0
1999-08-27,2402.57006836,0
1999-09-03,2506.68994141,0
1999-09-10,2534.61010742,0
1999-09-17,2536.90991211,0
1999-09-24,2399.58007812,0
1999-10-01,2404.44995117,0
1999-10-08,2555.36010742,0
1999-10-15,2403.81005859,0
1999-10-22,2485.89990234,0
1999-10-29,2637.43994141,0
1999-11-05,2755.69995117,0
1999-11-12,2888.90991211,0
1999-11-19,3028.84008789,0
1999-11-26,3116.62011719,0
1999-12-03,3172.37011719,0
1999-12-10,3203.2800293,0
1999-12-17,3359.86010742,0
1999-12-23,3590.2800293,0
1999-12-31,3707.83007812,0
2000-01-07,3529.60009766,0
2000-01-14,3704.73999023,0
2000-01-21,3849.95996094,0
2000-01-28,3446.12988281,0
2000-02-04,3874.37011719,0
2000-02-11,3968.88989258,0
2000-02-18,3965.75,0
2000-02-25,4178.58007812,0
2000-03-03,4442.87011719,0
2000-03-10,4587.16015625,0
2000-03-17,4440.45019531,0
2000-03-24,4691.60986328,0
2000-03-31,4397.83984375,0
2000-04-07,4291.52978516,0
2000-04-14,3207.95996094,0
2000-04-20,3505.29003906,0
2000-04-28,3773.17993164,0
2000-05-05,3688.36010742,0
2000-05-12,3406.25,0
2000-05-19,3260.63989258,0
2000-05-26,3101.43994141,0
2000-06-02,3755.66992188,0
2000-06-09,3760.26000977,0
2000-06-16,3787.36010742,0
2000-06-23,3685.30004883,0
2000-06-30,3763.79003906,0
2000-07-07,3841.27001953,0
2000-07-14,4041.14990234,0
2000-07-21,3908.75,0
2000-07-28,3477.31005859,0
2000-08-04,3618.62988281,0
2000-08-11,3644.61010742,0
2000-08-18,3807.51000977,0
2000-08-25,3931.25,0
2000-09-01,4099.29980469,0
2000-09-08,3813.43994141,0
2000-09-15,3676.33007812,0
2000-09-22,3701.17993164,0
2000-09-29,3570.61010742,0
2000-10-06,3311.93994141,0
2000-10-13,3277.77001953,0
2000-10-20,3456.61010742,0
2000-10-27,3175.25,0
2000-11-03,3321.90991211,0
2000-11-10,2890.26000977,0
2000-11-17,2934.81005859,0
2000-11-24,2830.09008789,0
2000-12-01,2549.73999023,0
2000-12-08,2895.38989258,0
2000-12-15,2543.09008789,0
2000-12-22,2436.26000977,0
2000-12-29,2341.69995117,0
2001-01-05,2267.85009766,0
2001-01-12,2506.05004883,0
2001-01-19,2655.77001953,0
2001-01-26,2631.7800293,0
2001-02-02,2472.17993164,0
2001-02-09,2261.77001953,0
2001-02-16,2212.51000977,0
2001-02-23,2056.06005859,0
2001-03-02,1881.33996582,0
2001-03-09,1813.02001953,0
2001-03-16,1647.51000977,0
2001-03-23,1705.02001953,0
2001-03-30,1573.25,0
2001-04-06,1448.16003418,0
2001-04-12,1714.29003906,0
2001-04-20,1933.56994629,0
2001-04-27,1810.4699707,0
2001-05-04,1924.11999512,0
2001-05-11,1821.19995117,0
2001-05-18,1927.68994141,0
2001-05-25,1960.73999023,0
2001-06-01,1840.82995605,0
2001-06-08,1896.2199707,0
2001-06-15,1701.5300293,0
2001-06-22,1727.4699707,0
2001-06-29,1830.18994141,0
2001-07-06,1668.58996582,0
2001-07-13,1751.10998535,0
2001-07-20,1676.45996094,0
2001-07-27,1683.18005371,0
2001-08-03,1725.90002441,0
2001-08-10,1617.44995117,0
2001-08-17,1516.57995605,0
2001-08-24,1579.61999512,0
2001-08-31,1469.69995117,0
2001-09-07,1354.27001953,0
2001-09-10,1365.39001465,0
2001-09-21,1126.94995117,0
2001-09-28,1168.36999512,0
2001-10-05,1271.72998047,0
2001-10-12,1393.83996582,0
2001-10-19,1347.58996582,0
2001-10-26,1454.90002441,0
2001-11-02,1425.7800293,0
2001-11-09,1514.95996094,0
2001-11-16,1582.14001465,0
2001-11-23,1577.4699707,0
2001-11-30,1596.05004883,0
2001-12-07,1673.90002441,0
2001-12-14,1605.67004395,0
2001-12-21,1578.27001953,0
2001-12-28,1621.13000488,0
2002-01-04,1675.0300293,0
2002-01-11,1634.17004395,0
2002-01-18,1548.2199707,0
2002-01-25,1558.26000977,0
2002-02-01,1528.15002441,0
2002-02-08,1452.17004395,0
2002-02-15,1436.69995117,0
2002-02-22,1356.16003418,0
2002-03-01,1435.41003418,0
2002-03-08,1555.10998535,0
2002-03-15,1495.41003418,0
2002-03-22,1470.09997559,0
2002-03-28,1452.81005859,0
2002-04-05,1376.7199707,0
2002-04-12,1351.84997559,0
2002-04-19,1385.01000977,0
2002-04-26,1250.89001465,0
2002-05-03,1190.73999023,0
2002-05-10,1188.7800293,0
2002-05-17,1325.80004883,0
2002-05-24,1253.0300293,0
2002-05-31,1208.33996582,0
2002-06-07,1140.23999023,0
2002-06-14,1109.59997559,0
2002-06-21,1035.63000488,0
2002-06-28,1051.41003418,0
2002-07-05,1060.89001465,0
2002-07-12,1000.82000732,0
2002-07-19,965.369995117,0
2002-07-26,910.909973145,0
2002-08-02,892.510009766,0
2002-08-09,937.33001709,0
2002-08-16,996.059997559,0
2002-08-23,1010.48999023,0
2002-08-30,942.380004883,0
2002-09-06,922.219970703,0
2002-09-13,923.83001709,0
2002-09-20,871.599975586,0
2002-09-27,860.349975586,0
2002-10-04,815.400024414,0
2002-10-11,890.609985352,0
2002-10-18,956.130004883,0
2002-10-25,995.549987793,0
2002-11-01,1019.05999756,0
2002-11-08,1008.34997559,0
2002-11-15,1061.2800293,0
2002-11-22,1116.01000977,0
2002-11-29,1116.09997559,0
2002-12-06,1065.9699707,0
2002-12-13,1005.84997559,0
2002-12-20,1013.90002441,0
2002-12-27,997.849975586,0
2003-01-03,1031.63000488,0
2003-01-10,1087.35998535,0
2003-01-17,1017.58001709,0
2003-01-24,996.179992676,0
2003-01-31,983.049987793,0
2003-02-07,957.049987793,0
2003-02-14,982.090026855,0
2003-02-21,1015.91998291,0
2003-02-28,1009.73999023,0
2003-03-07,986.820007324,0
2003-03-14,1030.44995117,0
2003-03-21,1093.11999512,0
2003-03-28,1046.7199707,0
2003-04-04,1050.69995117,0
2003-04-11,1026.15002441,0
2003-04-17,1083.56005859,0
2003-04-25,1083.18994141,0
2003-05-02,1136.34997559,0
2003-05-09,1143.55004883,0
2003-05-16,1154.47998047,0
2003-05-23,1130.05004883,0
2003-05-30,1197.89001465,0
2003-06-06,1213.10998535,0
2003-06-13,1203.91003418,0
2003-06-20,1223.40002441,0
2003-06-27,1205.23999023,0
2003-07-03,1231.33996582,0
2003-07-11,1280.56994629,0
2003-07-18,1259.91003418,0
2003-07-25,1278.31005859,0
2003-08-01,1264.33996582,0
2003-08-08,1207.2800293,0
2003-08-15,1253.63000488,0
2003-08-22,1304.54003906,0
2003-08-29,1341.19995117,0
2003-09-05,1361.90002441,0
2003-09-12,1357.63000488,0
2003-09-19,1392.26000977,0
2003-09-26,1309.31005859,0
2003-10-03,1375.31994629,0
2003-10-10,1404.86999512,0
2003-10-17,1394.02001953,0
2003-10-24,1370.60998535,0
2003-10-31,1416.39001465,0
2003-11-07,1436.72998047,0
2003-11-14,1407.51000977,0
2003-11-21,1373.31994629,0
2003-11-28,1424.25,0
2003-12-05,1406.91003418,0
2003-12-12,1417.27001953,0
2003-12-19,1426.17004395,0
2003-12-26,1443.85998535,0
2004-01-02,1463.56994629,0
2004-01-09,1520.45996094,0
2004-01-16,1553.61999512,0
2004-01-23,1531.20996094,0
2004-01-30,1493.07995605,0
2004-02-06,1498.94995117,0
2004-02-13,1484.4699707,0
2004-02-20,1482.09997559,0
2004-02-27,1470.38000488,0
2004-03-05,1472.98999023,0
2004-03-12,1431.40002441,0
2004-03-19,1398.57995605,0
2004-03-26,1415.39001465,0
2004-04-02,1490.30004883,0
2004-04-08,1485.51000977,0
2004-04-16,1449.06005859,0
2004-04-23,1497.01000977,0
2004-04-30,1401.35998535,0
2004-05-07,1406.18994141,0
2004-05-14,1399.84997559,0
2004-05-21,1408.17004395,0
2004-05-28,1466.2199707,0
2004-06-04,1455.04003906,0
2004-06-10,1481.27001953,0
2004-06-18,1464.65002441,0
2004-06-25,1498.38000488,0
2004-07-02,1481.18994141,0
2004-07-09,1440,0
2004-07-16,1392.17004395,0
2004-07-23,1375.47998047,0
2004-07-30,1400.39001465,0
2004-08-06,1315.30004883,0
2004-08-13,1307.81994629,0
2004-08-20,1366.72998047,0
2004-08-27,1388.56005859,0
2004-09-03,1371.81994629,0
2004-09-10,1413,0
2004-09-17,1426.30004883,0
2004-09-24,1399.05004883,0
2004-10-01,1452.93994141,0
2004-10-08,1430.95996094,0
2004-10-15,1430.97998047,0
2004-10-22,1438.25,0
2004-10-29,1486.7199707,0
2004-11-05,1525.23999023,0
2004-11-12,1558.41003418,0
2004-11-19,1552.10998535,0
2004-11-26,1578.26000977,0
2004-12-03,1614.40002441,0
2004-12-10,1605.16003418,0
2004-12-17,1596.60998535,0
2004-12-23,1613.77001953,0
2004-12-31,1621.11999512,0
2005-01-07,1564.81005859,0
2005-01-14,1561.10998535,0
2005-01-21,1503.64001465,0
2005-01-28,1499.45996094,0
2005-02-04,1534.48999023,0
2005-02-11,1530.51000977,0
2005-02-18,1515.40002441,0
2005-02-25,1526.90002441,0
2005-03-04,1520.57995605,0
2005-03-11,1505.64001465,0
2005-03-18,1484.40002441,0
2005-03-24,1469.93994141,0
2005-04-01,1469.34997559,0
2005-04-08,1485.59997559,0
2005-04-15,1408.58996582,0
2005-04-22,1421.20996094,0
2005-04-29,1420.79003906,0
2005-05-06,1456,0
2005-05-13,1470.63000488,0
2005-05-20,1528.06005859,0
2005-05-27,1549.80004883,0
2005-06-03,1544.47998047,0
2005-06-10,1521.02001953,0
2005-06-17,1538.13000488,0
2005-06-24,1500.18005371,0
2005-07-01,1490.5300293,0
2005-07-08,1533.27001953,0
2005-07-15,1577.81994629,0
2005-07-22,1600.76000977,0
2005-07-29,1605.14001465,0
2005-08-05,1601.58996582,0
2005-08-12,1591.75,0
2005-08-19,1573.7199707,0
2005-08-26,1558.83996582,0
2005-09-02,1573.11999512,0
2005-09-09,1607.82995605,0
2005-09-16,1599.43994141,0
2005-09-23,1571.75,0
2005-09-30,1601.66003418,0
2005-10-07,1555.92004395,0
2005-10-14,1544.29003906,0
2005-10-21,1565.11999512,0
2005-10-28,1557.10998535,0
2005-11-04,1628.0300293,0
2005-11-11,1653.35998535,0
2005-11-18,1679.84997559,0
2005-11-25,1701.05004883,0
2005-12-02,1709.09997559,0
2005-12-09,1692.61999512,0
2005-12-16,1688.68005371,0
2005-12-23,1682.92004395,0
2005-12-30,1645.19995117,0
2006-01-06,1734.98999023,0
2006-01-13,1746.7800293,0
2006-01-20,1676.38000488,0
2006-01-27,1711.10998535,0
2006-02-03,1664.5300293,0
2006-02-10,1663.75,0
2006-02-17,1675.20996094,0
2006-02-24,1676.5,0
2006-03-03,1684.31994629,0
2006-03-10,1648.22998047,0
2006-03-17,1685.66003418,0
2006-03-24,1679.81005859,0
2006-03-31,1703.66003418,0
2006-04-07,1723.0300293,0
2006-04-13,1712.06994629,0
2006-04-21,1709.02001953,0
2006-04-28,1700.70996094,0
2006-05-05,1713.83996582,0
2006-05-12,1635.81005859,0
2006-05-19,1600.85998535,0
2006-05-26,1606.36999512,0
2006-06-02,1612.90002441,0
2006-06-09,1550.9699707,0
2006-06-16,1562.83996582,0
2006-06-23,1551.05004883,0
2006-06-30,1575.22998047,0
2006-07-07,1533.70996094,0
2006-07-14,1462.17004395,0
2006-07-21,1451.88000488,0
2006-07-28,1510.30004883,0
2006-08-04,1503.83996582,0
2006-08-11,1486.73999023,0
2006-08-18,1576.45996094,0
2006-08-25,1557.69995117,0
2006-09-01,1589.4699707,0
2006-09-08,1574.70996094,0
2006-09-15,1632.43994141,0
2006-09-22,1622.36999512,0
2006-09-29,1654.13000488,0
2006-10-06,1684.88000488,0
2006-10-13,1727.20996094,0
2006-10-20,1709.57995605,0
2006-10-27,1717.60998535,0
2006-11-03,1703.97998047,0
2006-11-10,1751.10998535,0
2006-11-17,1800.67004395,0
2006-11-24,1815.5300293,0
2006-12-01,1775.11999512,0
2006-12-08,1786.20996094,0
2006-12-15,1808.56005859,0
2006-12-22,1748.60998535,0
2006-12-29,1756.90002441,0
2007-01-05,1785.30004883,0
2007-01-12,1844.81005859,0
2007-01-19,1796.81005859,0
2007-01-26,1772.9699707,0
2007-02-02,1798.13000488,0
2007-02-09,1785.5300293,0
2007-02-16,1821.48999023,0
2007-02-23,1839.77001953,0
2007-03-02,1726.0300293,0
2007-03-09,1744.73999023,0
2007-03-16,1742.22998047,0
2007-03-23,1794.04003906,0
2007-03-30,1772.35998535,0
2007-04-05,1812.93994141,0
2007-04-13,1816.84997559,0
2007-04-20,1845.89001465,0
2007-04-27,1891.06005859,0
2007-05-04,1895.69995117,0
2007-05-11,1898.79003906,0
2007-05-18,1896.93005371,0
2007-05-25,1889.25,0
2007-06-01,1928.26000977,0
2007-06-08,1906.26000977,0
2007-06-15,1942.41003418,0
2007-06-22,1921.93994141,0
2007-06-29,1934.09997559,0
2007-07-06,1988.31005859,0
2007-07-13,2032.16003418,0
2007-07-20,2035.88000488,0
2007-07-27,1956.18994141,0
2007-08-03,1918.56005859,0
2007-08-10,1925.14001465,0
2007-08-17,1888.7800293,0
2007-08-24,1961.38000488,0
2007-08-31,1988.72998047,0
2007-09-07,1958.34997559,0
2007-09-14,2000.81994629,0
2007-09-21,2049.47998047,0
2007-09-28,2091.11010742,0
2007-10-05,2149.66992188,0
2007-10-12,2177.98999023,0
2007-10-19,2131.08007812,0
2007-10-26,2194.59008789,0
2007-11-02,2213.86010742,0
2007-11-09,2034.30004883,0
2007-11-16,2048.62011719,0
2007-11-23,2028.90002441,0
2007-11-30,2089.10009766,0
2007-12-07,2130,0
2007-12-14,2072.11010742,0
2007-12-21,2111.77001953,0
2007-12-28,2107.05004883,0
2008-01-04,1963.52001953,0
2008-01-11,1912.81005859,0
2008-01-18,1844.08996582,0
2008-01-25,1789.17004395,0
2008-02-01,1855.27001953,0
2008-02-08,1773.73999023,0
2008-02-15,1780.38000488,0
2008-02-22,1773.43994141,0
2008-02-29,1745.27001953,0
2008-03-07,1707.5,0
2008-03-14,1713.82995605,0
2008-03-20,1751.98999023,0
2008-03-28,1767.56994629,0
2008-04-04,1865.86999512,0
2008-04-11,1798.7199707,0
2008-04-18,1900.2800293,0
2008-04-25,1918.57995605,0
2008-05-02,1981.86999512,0
2008-05-09,1960.29003906,0
2008-05-16,2031.27001953,0
2008-05-23,1958.95996094,0
2008-05-30,2032.56994629,0
2008-06-06,1990.39001465,0
2008-06-13,1966.01000977,0
2008-06-20,1928.39001465,0
2008-06-27,1855.7199707,0
2008-07-03,1816.34997559,0
2008-07-11,1810.88000488,0
2008-07-18,1823.22998047,0
2008-07-25,1846.55004883,0
2008-08-01,1826.56005859,0
2008-08-08,1926.22998047,0
2008-08-15,1957.56005859,0
2008-08-22,1931.4699707,0
2008-08-29,1872.54003906,0
2008-09-05,1768.22998047,0
2008-09-12,1767.13000488,0
2008-09-19,1745.06005859,0
2008-09-26,1672.04003906,0
2008-10-03,1470.83996582,0
2008-10-10,1269.80004883,0
2008-10-17,1311.7199707,0
2008-10-24,1202.27001953,0
2008-10-31,1334.7800293,0
2008-11-07,1271.61999512,0
2008-11-14,1179.63000488,0
2008-11-21,1085.56994629,0
2008-11-28,1185.75,0
2008-12-05,1177.86999512,0
2008-12-12,1206.65002441,0
2008-12-19,1217.18994141,0
2008-12-26,1185.43994141,0
2009-01-02,1263.69995117,0
2009-01-09,1223.01000977,0
2009-01-16,1198.14001465,0
2009-01-23,1175.89001465,0
2009-01-30,1180.25,0
2009-02-06,1277.48999023,0
2009-02-13,1236.84997559,0
2009-02-20,1172.70996094,0
2009-02-27,1116.98999023,0
2009-03-06,1064.69995117,0
2009-03-13,1168.52001953,0
2009-03-20,1187.18005371,0
2009-03-27,1251.4699707,0
2009-04-03,1316.16003418,0
2009-04-09,1340.2800293,0
2009-04-17,1353.92004395,0
2009-04-24,1373.2800293,0
2009-05-01,1396.61999512,0
2009-05-08,1394.16003418,0
2009-05-15,1355.10998535,0
2009-05-22,1363.17004395,0
2009-05-29,1435.56994629,0
2009-06-05,1493.20996094,0
2009-06-12,1489.9699707,0
2009-06-19,1471.22998047,0
2009-06-26,1480.19995117,0
2009-07-02,1446.2800293,0
2009-07-10,1419.83996582,0
2009-07-17,1527.26000977,0
2009-07-24,1599.06005859,0
2009-07-31,1603.35998535,0
2009-08-07,1619.48999023,0
2009-08-14,1611.57995605,0
2009-08-21,1637.7800293,0
2009-08-28,1643.23999023,0
2009-09-04,1638.06994629,0
2009-09-11,1685.45996094,0
2009-09-18,1725.23999023,0
2009-09-25,1694.15002441,0
2009-10-02,1662.48999023,0
2009-10-09,1727.76000977,0
2009-10-16,1739.31994629,0
2009-10-23,1753.63000488,0
2009-10-30,1667.13000488,0
2009-11-06,1730.76000977,0
2009-11-13,1788.60998535,0
2009-11-20,1764.39001465,0
2009-11-27,1765.45996094,0
2009-12-04,1791.91003418,0
2009-12-11,1792.06005859,0
2009-12-18,1807.35998535,0
2009-12-24,1869.83996582,0
2009-12-31,1860.31005859,0
2010-01-08,1892.58996582,0
2010-01-15,1864.52001953,0
2010-01-22,1794.81994629,0
2010-01-29,1741.04003906,0
2010-02-05,1746.11999512,0
2010-02-12,1779.10998535,0
2010-02-19,1823.31994629,0
2010-02-26,1818.68005371,0
2010-03-05,1888.56005859,0
2010-03-12,1924.43005371,0
2010-03-19,1932.43005371,0
2010-03-26,1952.63000488,0
2010-04-01,1959.56005859,0
2010-04-09,1994.43005371,0
2010-04-16,2012.83996582,0
2010-04-23,2055.33007812,0
2010-04-30,2000.63000488,0
2010-05-07,1849.43994141,0
2010-05-14,1907.09997559,0
2010-05-21,1822.77001953,0
2010-05-28,1852.39001465,0
2010-06-04,1832.04003906,0
2010-06-11,1847.15002441,0
2010-06-18,1913.47998047,0
2010-06-25,1838.52001953,0
2010-07-02,1728.33996582,0
2010-07-09,1814.79003906,0
2010-07-16,1803.47998047,0
2010-07-23,1875.38000488,0
2010-07-30,1864,0
2010-08-06,1902.88000488,0
2010-08-13,1818.80004883,0
2010-08-20,1825.75,0
2010-08-27,1791.64001465,0
2010-09-03,1870.31005859,0
2010-09-10,1892.33996582,0
2010-09-17,1955.82995605,0
2010-09-24,2023.83996582,0
2010-10-01,1996.59997559,0
2010-10-08,2027.0300293,0
2010-10-15,2097.72998047,0
2010-10-22,2104.20996094,0
2010-10-29,2124.44995117,0
2010-11-05,2186.70996094,0
2010-11-12,2137.94995117,0
2010-11-19,2135.27001953,0
2010-11-26,2153.90991211,0
2010-12-03,2191.16992188,0
2010-12-10,2215.34008789,0
2010-12-17,2218.29003906,0
2010-12-23,2230.27001953,0
2010-12-31,2217.86010742,0
2011-01-07,2276.69995117,0
2011-01-14,2323.42993164,0
2011-01-21,2268.32006836,0
2011-01-28,2270.51000977,0
2011-02-04,2338.19995117,0
2011-02-11,2379.14990234,0
2011-02-18,2392.4699707,0
2011-02-25,2346.29003906,0
2011-03-04,2359.95996094,0
2011-03-11,2299.26000977,0
2011-03-18,2221.07006836,0
2011-03-25,2316.36010742,0
2011-04-01,2342.91992188,0
2011-04-08,2321.17993164,0
2011-04-15,2307.58007812,0
2011-04-21,2377.30004883,0
2011-04-29,2404.08007812,0
2011-05-06,2383.17993164,0
2011-05-13,2379.23999023,0
2011-05-20,2351.42993164,0
2011-05-27,2336.09008789,0
2011-06-03,2292.31005859,0
2011-06-10,2221.09008789,0
2011-06-17,2192.95996094,0
2011-06-24,2217.06005859,0
2011-07-01,2361.38989258,0
2011-07-08,2405.88989258,0
2011-07-15,2356.66992188,0
2011-07-22,2429.5,0
2011-07-29,2362.81005859,0
2011-08-05,2194.37988281,0
2011-08-12,2182.05004883,0
2011-08-19,2038.2199707,0
2011-08-26,2161.9699707,0
2011-09-02,2167.83007812,0
2011-09-09,2163.65991211,0
2011-09-16,2306.09008789,0
2011-09-23,2206.86010742,0
2011-09-30,2139.17993164,0
2011-10-07,2202.76000977,0
2011-10-14,2371.93994141,0
2011-10-21,2335.92993164,0
2011-10-28,2401.29003906,0
2011-11-04,2356.32006836,0
2011-11-11,2355.7800293,0
2011-11-18,2253.94995117,0
2011-11-25,2150.87988281,0
2011-12-02,2302.04003906,0
2011-12-09,2318.67993164,0
2011-12-16,2238.17993164,0
2011-12-23,2287.57006836,0
2011-12-30,2277.83007812,0
2012-01-06,2356.16992188,0
2012-01-13,2371.97998047,0
2012-01-20,2437.02001953,0
2012-01-27,2461.77001953,0
2012-02-03,2529.16992188,0
2012-02-10,2547.32006836,0
2012-02-17,2584.23999023,0
2012-02-24,2604.20996094,0
2012-03-02,2641.58007812,0
2012-03-09,2646.85009766,0
2012-03-16,2712.7800293,0
2012-03-23,2728.55004883,0
2012-03-30,2755.27001953,0
2012-04-05,2762.5,0
2012-04-13,2698.98999023,0
2012-04-20,2676.04003906,0
2012-04-27,2741.34008789,0
2012-05-04,2637.91992188,0
2012-05-11,2615.97998047,0
2012-05-18,2478.5300293,0
2012-05-25,2527.05004883,0
2012-06-01,2458.83007812,0
2012-06-08,2559.20996094,0
2012-06-15,2571.22998047,0
2012-06-22,2585.5300293,0
2012-06-29,2615.7199707,0
2012-07-06,2612.29003906,0
2012-07-13,2584.9699707,0
2012-07-20,2618.04003906,0
2012-07-27,2647.0300293,0
2012-08-03,2676,0
2012-08-10,2722.95996094,0
2012-08-17,2780.30004883,0
2012-08-24,2778.05004883,0
2012-08-31,2772.23999023,0
2012-09-07,2825.11010742,0
2012-09-14,2855.22998047,0
2012-09-21,2861.63989258,0
2012-09-28,2799.18994141,0
2012-10-05,2811.93994141,0
2012-10-12,2720.13989258,0
2012-10-19,2678.32006836,0
2012-10-26,2665.83007812,0
2012-11-02,2656.2800293,0
2012-11-09,2584.10009766,0
2012-11-16,2534.15991211,0
2012-11-23,2639.59008789,0
2012-11-30,2677.87988281,0
2012-12-07,2640.54003906,0
2012-12-14,2628.09008789,0
2012-12-21,2664.66992188,0
2012-12-28,2606.36010742,0
2013-01-04,2724.48999023,0
2013-01-11,2748.26000977,0
2013-01-18,2743.23999023,0
2013-01-25,2736.72998047,0
2013-02-01,2763.95996094,0
2013-02-08,2775.56005859,0
2013-02-15,2764.66992188,0
2013-02-22,2737.2800293,0
2013-03-01,2747.75,0
2013-03-08,2804.11010742,0
2013-03-15,2799.40991211,0
2013-03-22,2800.81005859,0
2013-03-28,2818.68994141,0
2013-04-05,2771.75,0
2013-04-12,2856.47998047,0
2013-04-19,2780.45996094,0
2013-04-26,2840.55004883,0
2013-05-03,2944.59008789,0
2013-05-10,2981.02001953,0
2013-05-17,3028.95996094,0
2013-05-24,2991.02001953,0
2013-05-31,2981.76000977,0
2013-06-07,2990.87011719,0
2013-06-14,2943.86010742,0
2013-06-21,2877.93994141,0
2013-06-28,2909.60009766,0
2013-07-05,2963.2199707,0
2013-07-12,3079.07006836,0
2013-07-19,3044.92993164,0
2013-07-26,3076.22998047,0
2013-08-02,3143.52001953,0
2013-08-09,3118.57006836,0
2013-08-16,3073.90991211,0
2013-08-23,3124.27001953,0
2013-08-30,3073.81005859,0
2013-09-06,3133.37988281,0
2013-09-13,3178.2800293,0
2013-09-20,3224.72998047,0
2013-09-27,3230.30004883,0
2013-10-04,3242.57006836,0
2013-10-11,3233.83007812,0
2013-10-18,3353.87988281,0
2013-10-25,3383.83007812,0
2013-11-01,3379.76000977,0
2013-11-08,3366.84008789,0
2013-11-15,3422.58007812,0
2013-11-22,3422.02001953,0
2013-11-29,3487.82006836,0
2013-12-06,3504.26000977,0
2013-12-13,3456.39990234,0
2013-12-20,3531.18994141,0
2013-12-27,3574.02001953,0
2014-01-03,3538.72998047,0
2014-01-10,3565.08007812,0
2014-01-17,3591.25,0
2014-01-24,3541.47998047,0
2014-01-31,3521.91992188,0
2014-02-07,3561.90991211,0
2014-02-14,3663.87988281,0
2014-02-21,3662.60009766,0
2014-02-28,3696.10009766,0
2014-03-07,3703.39990234,0
2014-03-14,3627.87011719,0
2014-03-21,3653.07006836,0
2014-03-28,3571.48999023,0
2014-04-04,3539.37988281,0
2014-04-11,3446.85009766,0
2014-04-17,3534.5300293,0
2014-04-25,3533.10009766,0
2014-05-02,3587.63989258,0
2014-05-09,3555.69995117,0
2014-05-16,3587.19995117,0
2014-05-23,3677.33007812,0
2014-05-30,3736.82006836,0
2014-06-06,3794.57006836,0
2014-06-13,3775.56005859,0
2014-06-20,3802.63989258,0
2014-06-27,3844.43994141,0
2014-07-03,3923.01000977,0
2014-07-11,3904.58007812,0
2014-07-18,3939.88989258,0
2014-07-25,3965.16992188,0
2014-08-01,3879.66992188,0
2014-08-08,3888.09008789,0
2014-08-15,3987.51000977,0
2014-08-22,4052.75,0
2014-08-29,4082.56005859,0
2014-09-05,4089.91992188,0
2014-09-12,4069.22998047,0
2014-09-19,4100.08984375,0
2014-09-26,4053.7199707,0
2014-10-03,4027.31005859,0
2014-10-10,3870.86010742,0
2014-10-17,3815.4699707,0
2014-10-24,4042.02001953,0
2014-10-31,4158.20996094,0
2014-11-07,4160.5,0
2014-11-14,4224.99023438,0
2014-11-21,4251.31982422,0
2014-11-28,4337.79003906,0
2014-12-05,4311.56982422,0
2014-12-12,4199.27978516,0
2014-12-19,4281.77978516,0
2014-12-26,4314.08984375,0
2015-01-02,4230.24023438,0
2015-01-09,4213.27978516,0
2015-01-16,4142.14013672,0
2015-01-23,4278.14013672,0
2015-01-30,4148.43017578,0
2015-02-06,4228.68017578,0
2015-02-13,4384.02978516,0
2015-02-20,4443.04980469,0
2015-02-27,4440.66992188,0
2015-03-06,4399.22998047,0
2015-03-13,4314.89990234,0
2015-03-20,4458.54003906,0
2015-03-27,4332.85986328,0
2015-04-02,4316.00976562,0
2015-04-10,4422.02001953,0
2015-04-17,4351.79980469,0
2015-04-24,4536.77978516,0
2015-05-01,4479.06005859,0
2015-05-08,4458.64990234,0
2015-05-15,4494.29003906,0
2015-05-22,4527.16015625,0
2015-05-29,4508.25,0
2015-06-05,4477.18994141,0
2015-06-12,4453.79003906,0
2015-06-19,4513.41992188,0
2015-06-26,4484.27978516,0
2015-07-02,4433.39013672,0
2015-07-10,4420.14990234,0
2015-07-17,4661.60009766,0
2015-07-24,4557.37011719,0
2015-07-31,4588.91015625,0
2015-08-07,4520.08007812,0
2015-08-14,4530.74023438,0
2015-08-21,4197.27001953,0
2015-08-28,4329.12011719,0
2015-09-04,4184.72021484,0
2015-09-11,4323.22998047,0
2015-09-18,4323.85986328,0
2015-09-25,4224.74023438,0
2015-10-02,4267.45019531,0
2015-10-09,4370.00976562,0
2015-10-16,4438.62011719,0
2015-10-23,4624.08984375,0
2015-10-30,4648.83007812,0
2015-11-06,4707.22998047,0
2015-11-13,4502.14013672,0
2015-11-20,4686.35986328,0
2015-11-27,4680.47021484,0
2015-12-04,4716.12011719,0
2015-12-11,4537.56005859,0
2015-12-18,4514.83007812,0
2015-12-24,4622.77001953,0
2015-12-31,4593.27001953,0
2016-01-08,4270.77978516,0
2016-01-15,4141.08007812,0
2016-01-22,4259.77001953,0
2016-01-29,4279.16992188,0
2016-02-05,4024.4699707,0
2016-02-12,4019.18994141,0
2016-02-19,4164.08984375,0
2016-02-26,4235.62011719,0
2016-03-04,4329,0
2016-03-11,4361.83007812,0
2016-03-18,4410.83007812,0
2016-03-24,4405.52978516,0
2016-04-01,4532.08007812,0
2016-04-08,4474.93017578,0
2016-04-15,4543.16015625,0
2016-04-22,4474.18994141,0
2016-04-29,4341.29980469,0
2016-05-06,4330.16992188,0
2016-05-13,4326.52978516,0
2016-05-20,4362.89990234,0
2016-05-27,4512.54003906,0
2016-06-03,4509.79003906,0
2016-06-10,4461.04980469,0
2016-06-17,4374.37988281,0
2016-06-24,4285.70019531,0
2016-07-01,4437.45019531,0
2016-07-08,4528.35986328,0
2016-07-15,4589.83007812,0
2016-07-22,4666.06982422,0
2016-07-29,4730.22998047,0
2016-08-05,4791.20996094,0
2016-08-12,4807.08007812,0
2016-08-19,4806.14013672,0
2016-08-26,4783.68994141,0
2016-09-02,4798.74023438,0
2016-09-09,4681.54003906,0
2016-09-16,4818.04980469,0
2016-09-23,4858.91015625,0
2016-09-30,4875.70019531,0
2016-10-07,4864.52001953,0
2016-10-14,4808.47998047,0
2016-10-21,4851.85986328,0
2016-10-28,4805.58984375,0
2016-11-04,4660.45996094,0
2016-11-11,4751.95019531,0
2016-11-18,4808.04003906,0
2016-11-25,4870.02001953,0
2016-12-02,4739.37011719,0
2016-12-09,4895.89990234,0
2016-12-16,4914.85986328,0
2016-12-23,4940.02001953,0
2016-12-30,4863.62011719,0
2017-01-06,5007.08007812,0
2017-01-13,5059.50976562,0
2017-01-20,5063.20019531,0
2017-01-27,5168.06005859,0
2017-02-03,5161.60009766,0
2017-02-10,5226.68994141,0
2017-02-17,5324.72021484,0
2017-02-24,5343.31005859,0
2017-03-03,5373.47998047,0
2017-03-10,5385.89990234,0
2017-03-17,5408.75976562,0
2017-03-24,5364,0
2017-03-31,5436.22998047,0
2017-04-07,5418.37011719,0
2017-04-13,5353.58984375,0
2017-04-21,5442.04980469,0
2017-04-28,5583.52978516,0
2017-05-05,5646.08984375,0
2017-05-12,5686.81005859,0
2017-05-19,5651.56005859,0
2017-05-26,5788.35986328,0
2017-06-02,5881.45996094,0
2017-06-09,5741.93994141,0
2017-06-16,5681.47998047,0
2017-06-23,5803.10986328,0
2017-06-30,5646.91992188,0
2017-07-07,5656.47021484,0
2017-07-14,5838.08007812,0
2017-07-21,5921.52978516,0
2017-07-28,5908.91992188,0
2017-08-04,5899.91015625,0
2017-08-11,5831.52978516,0
2017-08-18,5790.91015625,0
2017-08-25,5822.52978516,0
2017-09-01,5987.89990234,0
2017-09-08,5913.37011719,0
2017-09-15,5988,0
2017-09-22,5932.31982422,0
2017-09-29,5979.29980469,0
2017-10-06,6064.56982422,0
2017-10-13,6092.45019531,0
2017-10-20,6108.81982422,0
2017-10-27,6213.47021484,0
2017-11-03,6295.58007812,0
2017-11-10,6309.06982422,0
2017-11-17,6314.50976562,0
2017-11-24,6409.29003906,0
2017-12-01,6337.87011719,0
2017-12-08,6344.56982422,0
2017-12-15,6466.31982422,0
2017-12-22,6465.16992188,0
2017-12-29,6396.41992188,0
2018-01-05,6653.29003906,0
2018-01-12,6758.54003906,0
2018-01-19,6834.33007812,0
2018-01-26,7022.97021484,0
2018-02-02,6760.29003906,0
2018-02-09,6412.68017578,0
2018-02-16,6770.66015625,0
2018-02-23,6896.60009766,0
2018-03-02,6811.04003906,0
2018-03-09,7101.18017578,0
2018-03-16,7019.95019531,0
2018-03-23,6508.08984375,0
2018-03-29,6581.12988281,0
2018-04-06,6433.20996094,0
2018-04-13,6628.33984375,0
2018-04-20,6667.75,0
2018-04-27,6656.35009766,0
2018-05-04,6769.12011719,0
2018-05-11,6952.56005859,0
2018-05-18,6866.25,0
2018-05-25,6960.91992188,0
2018-06-01,7083.93017578,0
2018-06-08,7152.62011719,0
2018-06-15,7255.75976562,0
2018-06-22,7197.50976562,0
2018-06-29,7040.79980469,0
2018-07-06,7207.33007812,0
2018-07-13,7375.81982422,0
2018-07-20,7350.22998047,0
2018-07-27,7296.77978516,0
2018-08-03,7395.49023438,0
2018-08-10,7408.29980469,0
2018-08-17,7377.54003906,0
2018-08-24,7485.39990234,0
2018-08-31,7654.54980469,0
2018-09-07,7430.25976562,0
2018-09-14,7545.5,0
2018-09-21,7531.06982422,0
2018-09-28,7627.64990234,0
2018-10-05,7399.00976562,0
2018-10-12,7157.20996094,0
2018-10-19,7107.22998047,0
2018-10-26,6852.39990234,0
2018-11-02,6965.29003906,0
2018-11-09,7039.14990234,0
2018-11-16,6867.02001953,0
2018-11-23,6527.35009766,0
2018-11-30,6949.00976562,0
2018-12-07,6613.27978516,0
2018-12-14,6594.95996094,0
2018-12-21,6046.56005859,0
2018-12-28,6285.27001953,0
2019-01-04,6422.66992188,0
2019-01-11,6601.39990234,0
2019-01-18,6784.60986328,0
2019-01-25,6787.37011719,0
2019-02-01,6875.52001953,0
2019-02-08,6913.12988281,0
2019-02-15,7055.18017578,0
2019-02-22,7090.62988281,0
2019-03-01,7151.56982422,0
2019-03-08,7015.68994141,0
2019-03-15,7306.99023438,0
2019-03-22,7326.06005859,0
2019-03-29,7378.77001953,0
2019-04-05,7578.83984375,0
2019-04-12,7628.14990234,0
2019-04-18,7689.72021484,0
2019-04-26,7826.68017578,0
2019-05-03,7845.72998047,0
2019-05-10,7586.52978516,0
2019-05-17,7503.68017578,0
2019-05-24,7300.95996094,0
2019-05-31,7127.95996094,0
2019-06-07,7417.29003906,0
2019-06-14,7479.10986328,0
2019-06-21,7728.77978516,0
2019-06-28,7671.08007812,0
2019-07-05,7841.29980469,0
2019-07-12,7943.24023438,0
2019-07-19,7834.89990234,0
2019-07-26,8016.95019531,0
2019-08-02,7692.79980469,0
2019-08-09,7646.27001953,0
2019-08-16,7604.10986328,0
2019-08-23,7464.99023438,0
2019-08-30,7691,0
2019-09-06,7852.54003906,0
2019-09-13,7892.95019531,0
2019-09-20,7823.54980469,0
2019-09-27,7681.58007812,0
2019-10-04,7754.10009766,0
2019-10-11,7843.87988281,0
2019-10-18,7868.49023438,0
2019-10-25,8029.22021484,0
2019-11-01,8161.16992188,0
2019-11-08,8255.88964844,0
2019-11-15,8315.51953125,0
2019-11-22,8272.04980469,0
2019-11-29,8403.6796875,0
2019-12-06,8397.37011719,0
2019-12-13,8487.70996094,0
2019-12-20,8678.49023438,0
2019-12-27,8770.98046875,0
2020-01-03,8793.90039062,0
2020-01-10,8966.63964844,0
2020-01-17,9173.73046875,0
2020-01-24,9141.46972656,0
2020-01-31,8991.50976562,0
2020-02-07,9401.09960938,0
2020-02-14,9623.58007812,0
2020-02-21,9446.69042969,0
2020-02-28,8461.83007812,0
2020-03-06,8530.33984375,0
2020-03-13,7995.25976562,0
2020-03-20,6994.29003906,0
2020-03-27,7588.37011719,0
2020-04-03,7528.10986328,0
2020-04-09,8238.53027344,0
2020-04-17,8832.41015625,0
2020-04-24,8786.59960938,0
2020-05-01,8718.1796875,0
2020-05-08,9220.34960938,0
2020-05-15,9152.63964844,0
2020-05-22,9413.99023438,0
2020-05-29,9555.53027344,0
2020-06-05,9824.38964844,0
2020-06-12,9663.78027344,0
2020-06-19,10008.6396484,0
2020-06-26,9849.36035156,0
2020-07-02,10341.8896484,0
2020-07-10,10836.3300781,0
2020-07-17,10645.2197266,0
2020-07-24,10483.1298828,0
2020-07-31,10905.8798828,0
2020-08-07,11139.3896484,0
2020-08-14,11164.4501953,0
2020-08-21,11555.1601562,0
2020-08-28,11995.8496094,0
2020-09-04,11622.1298828,0
2020-09-11,11087.4003906,0
2020-09-18,10936.9804688,0
2020-09-25,11151.1298828,0
2020-10-02,11255.6904297,0
2020-10-09,11725.8496094,0
2020-10-16,11852.1699219,0
2020-10-23,11692.5703125,0
2020-10-30,11052.9501953,0
2020-11-06,12091.3496094,0
2020-11-13,11937.8398438,0
2020-11-20,11906.4404297,0
2020-11-27,12258.2099609,0
2020-12-04,12528.4804688,0
2020-12-11,12375.4101562,0
2020-12-18,12738.1796875,0
2020-12-24,12711.0097656,0
2020-12-31,12888.2802734,0
2021-01-08,13105.2001953,0
2021-01-15,12803.9296875,0
2021-01-22,13366.4003906,0
2021-01-29,12925.3798828,0
2021-02-05,13603.9599609,0
2021-02-12,13807.7001953,0
2021-02-19,13580.7802734,0
2021-02-26,12909.4404297,0
2021-03-05,12668.5097656,0
2021-03-12,12937.2900391,0
2021-03-19,12866.9902344,0
2021-03-26,12979.1201172,0
2021-04-01,13329.5195312,0
2021-04-09,13845.0595703,0
2021-04-16,14041.9101562,0
2021-04-23,13941.4404297,0
2021-04-30,13860.7597656,0
2021-05-07,13719.6298828,0
2021-05-14,13393.1201172,0
2021-05-21,13411.7402344,0
2021-05-28,13686.5097656,0
2021-06-04,13770.7695312,0
2021-06-11,13998.2998047,0
2021-06-18,14049.5800781,0
2021-06-25,14345.1796875,0
2021-07-02,14727.6298828,0
2021-07-09,14826.0898438,0
2021-07-16,14681.3798828,0
2021-07-23,15111.7900391,0
2021-07-30,14959.9003906,0
2021-08-06,15109.3603516,0
2021-08-13,15136.6796875,0
2021-08-20,15092.5703125,0
2021-08-27,15432.9501953,0
2021-09-03,15652.8603516,0
2021-09-10,15440.75,0
2021-09-17,15333.4697266,0
2021-09-24,15329.6796875,0
2021-10-01,14791.8701172,0
2021-10-08,14820.75,0
2021-10-15,15146.9199219,0
2021-10-22,15355.0703125,0
2021-10-29,15850.4697266,0
2021-11-05,16359.3798828,0
2021-11-12,16199.8896484,0
2021-11-19,16573.3398438,0
2021-11-26,16025.5800781,0
2021-12-03,15712.0400391,0
2021-12-10,16331.9804688,0
2021-12-17,15801.4599609,0
2021-12-23,16308.2099609,0
2021-12-31,16320.0800781,0
2022-01-07,15592.1904297,0
2022-01-14,15611.5898438,0
2022-01-21,14438.4003906,0
2022-01-28,14454.6103516,0
2022-02-04,14694.3496094,0
2022-02-11,14253.8398438,0
2022-02-18,14009.5400391,0
2022-02-25,14189.1601562,0
2022-03-04,13837.8300781,0
2022-03-11,13301.8300781,0
2022-03-18,14420.0800781,0
2022-03-25,14754.3095703,0
2022-04-01,14861.2099609,0
2022-04-08,14327.2597656,0
2022-04-14,13893.2099609,0
2022-04-22,13356.8701172,0
2022-04-29,12854.7998047,0
2022-05-06,12693.5302734,0
2022-05-13,12387.4003906,0
2022-05-20,11835.6201172,0
2022-05-27,12681.4199219,0
2022-06-03,12548.0302734,0
2022-06-10,11832.8203125,0
2022-06-17,11265.9902344,0
2022-06-24,12105.8496094,0
2022-07-01,11585.6796875,0
2022-07-08,12125.6904297,0
2022-07-15,11983.6201172,0
2022-07-22,12396.4697266,0
2022-07-29,12947.9697266,0
2022-08-05,13207.6904297,0
2022-08-12,13565.8701172,0
2022-08-19,13242.9003906,0
2022-08-26,12605.1699219,0
2022-09-02,12098.4404297,0
2022-09-09,12588.2900391,0
2022-09-16,11861.3798828,0
2022-09-23,11311.2402344,0
2022-09-30,10971.2197266,0
2022-10-07,11039.4697266,0
2022-10-14,10692.0595703,0
2022-10-21,11310.3300781,0
2022-10-28,11546.2099609,0
2022-11-04,10857.0302734,0
2022-11-11,11817.0097656,0
2022-11-18,11677.0195312,0
2022-11-25,11756.0302734,0
2022-12-02,11994.2597656,0
2022-12-09,11563.3300781,0
2022-12-16,11243.7197266,0
2022-12-23,10985.4501953,0
2022-12-30,10939.7597656,0
2023-01-06,11040.3496094,0
2023-01-13,11541.4804688,0
2023-01-20,11619.0302734,0
2023-01-27,12166.5996094,0
2023-02-03,12573.3603516,0
2023-02-10,12304.9199219,0
2023-02-17,12358.1796875,0
2023-02-24,11969.6503906,0
2023-03-03,12290.8095703,0
2023-03-10,11830.2802734,0
2023-03-17,12519.8798828,0
2023-03-24,12767.0498047,0
2023-03-31,13181.3496094,0
2023-04-06,13062.5996094,0
2023-04-14,13079.5195312,0
2023-04-21,13000.7695312,0
2023-04-28,13245.9902344,0
2023-05-05,13259.1298828,0
2023-05-12,13340.1796875,0
2023-05-19,13803.4902344,0
2023-05-26,14298.4101562,0
2023-06-02,14546.6396484,0
2023-06-09,14528.3603516,0
2023-06-16,15083.9199219,0
2023-06-23,14891.4804688,0
2023-06-30,15179.2099609,0
2023-07-07,15036.8496094,0
2023-07-14,15565.5996094,0
2023-07-21,15425.6699219,0
2023-07-28,15750.9296875,0
2023-08-04,15274.9199219,0
2023-08-11,15028.0703125,0
2023-08-18,14694.8398438,0
2023-08-25,14941.8300781,0
2023-09-01,15490.8603516,0
2023-09-08,15280.2304688,0
2023-09-15,15202.4003906,0
2023-09-22,14701.0996094,0
2023-09-29,14715.2402344,0
2023-10-06,14973.2402344,0
2023-10-13,14995.1201172,0
2023-10-20,14560.8798828,0
2023-10-27,14180.4199219,0
2023-11-03,15099.4902344,0
2023-11-10,15529.1201172,0
2023-11-17,15837.9902344,0
2023-11-24,15982.0097656,0
2023-12-01,15997.5800781,0
2023-12-08,16084.6904297,0
2023-12-15,16623.4492188,0
2023-12-22,16777.4003906,0
2023-12-29,16825.9296875,0
2024-01-05,16305.9804688,0
2024-01-12,16832.9199219,0
2024-01-19,17314,0
2024-01-26,17421.0097656,0
2024-02-02,17642.7304688,0
2024-02-09,17962.4101562,0
2024-02-16,17685.9804688,0
2024-02-23,17937.609375,0
2024-03-01,18302.9101562,0
2024-03-08,18018.4492188,0
2024-03-15,17808.25,0
2024-03-22,18339.4394531,0
2024-03-28,18254.6894531,0
2024-04-05,18108.4609375,0
2024-04-12,18003.4902344,0
2024-04-19,17037.6503906,0
2024-04-26,17718.3007812,0
2024-05-03,17890.8007812,0
2024-05-10,18161.1796875,0
2024-05-17,18546.2304688,0
2024-05-24,18808.3496094,0
2024-05-31,18536.6503906,0
2024-06-07,19000.9492188,0
2024-06-14,19659.8007812,0
2024-06-21,19700.4296875,0
2024-06-28,19682.8691406,0
2024-07-05,20391.9707031,0
2024-07-12,20331.4902344,0
2024-07-19,19522.6191406,0
2024-07-26,19023.6601562,0
2024-08-02,18440.8496094,0
2024-08-09,18513.0996094,0
2024-08-16,19508.5195312,0
2024-08-23,19720.8691406,0
2024-08-30,19574.640625,0
2024-09-06,18421.3105469,0
2024-09-13,19514.5898438,0
2024-09-20,19791.4902344,0
2024-09-27,20008.6191406,0
2024-10-04,20035.0195312,0
2024-10-11,20271.9707031,0
2024-10-18,20324.0390625,0
2024-10-25,20352.0195312,0
2024-11-01,20033.140625,0
2024-11-08,21117.1796875,0
2024-11-15,20394.1308594,0
2024-11-22,20776.2304688,0
2024-11-29,20930.3691406,0
2024-12-06,21622.25,0
2024-12-13,21780.25,0
2024-12-20,21289.1503906,0
2024-12-27,21473.0195312,0
2025-01-03,21326.1601562,0
2025-01-10,20847.5800781,0
2025-01-17,21441.1601562,0
2025-01-24,21774.0097656,0
2025-01-31,21478.0507812,0
2025-02-07,21491.3105469,0
2025-02-14,22114.6894531,0
2025-02-21,21614.0800781,0
2025-02-28,20884.4101562,0
2025-03-07,20201.3691406,0
2025-03-14,19704.640625,0
2025-03-21,19753.9707031,0
2025-03-28,19281.4003906,0
2025-04-04,17397.6992188,0
2025-04-11,18690.0507812,0
2025-04-17,18258.0898438,0
2025-04-25,19432.5605469,0
2025-05-02,20102.609375,0
2025-05-09,20061.4492188,0
2025-05-16,21427.9394531,0
2025-05-23,20915.6601562,0
2025-05-30,21340.9902344,0
2025-06-06,21761.7890625,0
2025-06-13,21631.0390625,0
2025-06-20,21626.390625,0
2025-06-27,22534.1992188,0
2025-07-03,22866.9707031,0
2025-07-11,22780.5996094,0
2025-07-18,23065.4707031,0
2025-07-25,23272.25,0
2025-08-01,22763.3105469,0
2025-08-08,23611.2695312,0
2025-08-15,23712.0703125,0
2025-08-22,23498.1191406,0
2025-08-29,23415.4199219,0
2025-09-05,23652.4394531,0
2025-09-12,24092.1894531,0
2025-09-19,24626.25,0
2025-09-26,24503.8496094,0
2025-10-03,24785.5195312,0
2025-10-10,24221.7402344,0
2025-10-17,24817.9492188,0
2025-10-24,25358.1601562,0
2025-10-31,25858.1308594,0
2025-11-07,25059.8105469,0
2025-11-14,25008.2402344,0
2025-11-21,24239.5703125,0
2025-11-28,25434.890625,0
2025-12-05,25692.0507812,0
2025-12-12,25196.7304688,0
2025-12-19,25346.1796875,0
2025-12-26,25644.390625,0
2026-01-02,25206.1699219,0
2026-01-09,25766.2597656,0
2026-01-16,25529.2597656,0
2026-01-23,25605.4707031,0
2026-01-30,25552.390625,0
2026-02-06,25075.7695312,0
2026-02-13,24732.7304688,0
2026-02-20,25012.6191406,0
2026-02-27,24960.0390625,0
2026-03-06,24643.0195312,0
2026-03-13,24380.7304688,0
2026-03-20,23898.1503906,0
2026-03-27,23132.7695312,0
2026-04-02,24045.5292969,0
2026-04-10,25116.3398438,0
2026-04-17,26672.4296875,0
2026-04-24,27303.6699219,0
2026-05-01,27710.359375,0
2026-05-08,29234.9902344,0
2026-05-15,29125.1992188,0
2026-05-22,29481.640625,0
2026-05-29,30333.1796875,0
2026-06-05,28957.5996094,0
2026-06-12,29635.9492188,0
2026-06-18,30406.1894531,0
2026-06-26,29118.2402344,0
2026-07-02,29329.2109375,0
2026-07-10,29825.109375,0
2026-07-17,28592.6601562,0
2026-07-24,28128.3398438,0
2026-07-31,28274.1992188,0
2026-08-07,29722.3007812,0
2026-08-14,30046.140625,0
2026-08-21,29308.859375,0
2026-08-28,29433.43,0
2026-09-04,29544.1503906,0
